{
    "norm_stats": {
      "actions": {
        "mean": [
          0.0001243453152710572,
          0.012514984235167503,
          0.01984572969377041,
          0.0013279641279950738,
          -0.006489368621259928,
          0.0007160089444369078,
          0.49960339069366455,
          -0.0007041643257252872,
          0.017729410901665688,
          0.018347295001149178,
          0.001461873296648264,
          -0.005420160014182329,
          0.00036438318784348667,
          0.4558684229850769,
          0.0,
          0.0,
          0.0,
          0.0,
          0.0,
          0.0,
          0.0,
          0.0,
          0.0,
          0.0,
          0.0,
          0.0,
          0.0,
          0.0,
          0.0,
          0.0,
          0.0,
          0.0
        ],
        "std": [
          0.11045020073652267,
          0.17611068487167358,
          0.15441367030143738,
          0.1229512095451355,
          0.17716124653816223,
          0.16023924946784973,
          0.4079183042049408,
          0.12189175188541412,
          0.1991070955991745,
          0.1783520132303238,
          0.15127407014369965,
          0.19766294956207275,
          0.19989325106143951,
          0.3901549279689789,
          0.0,
          0.0,
          0.0,
          0.0,
          0.0,
          0.0,
          0.0,
          0.0,
          0.0,
          0.0,
          0.0,
          0.0,
          0.0,
          0.0,
          0.0,
          0.0,
          0.0,
          0.0
        ],
        "q01": null,
        "q99": null
      },
      "state": {
        "mean": [
          0.09093472361564636,
          0.4708079695701599,
          -0.7088257670402527,
          0.09846086800098419,
          0.4463886022567749,
          -0.23006314039230347,
          0.4967166483402252,
          -0.06535510718822479,
          0.27723944187164307,
          -0.5581566095352173,
          -0.07980682700872421,
          0.5131563544273376,
          0.23896420001983643,
          0.46351152658462524,
          0.0,
          0.0,
          0.0,
          0.0,
          0.0,
          0.0,
          0.0,
          0.0,
          0.0,
          0.0,
          0.0,
          0.0,
          0.0,
          0.0,
          0.0,
          0.0,
          0.0,
          0.0
        ],
        "std": [
          0.2981235384941101,
          0.5875609517097473,
          0.5399824976921082,
          0.2838532328605652,
          0.4769848585128784,
          0.4568907916545868,
          0.3795894682407379,
          0.3157930374145508,
          0.5589326620101929,
          0.5273948311805725,
          0.3175123333930969,
          0.4825332760810852,
          0.5743520855903625,
          0.3592356741428375,
          0.0,
          0.0,
          0.0,
          0.0,
          0.0,
          0.0,
          0.0,
          0.0,
          0.0,
          0.0,
          0.0,
          0.0,
          0.0,
          0.0,
          0.0,
          0.0,
          0.0,
          0.0
        ],
        "q01": null,
        "q99": null
      }
    }
  }